frame,seconds,score
0,0.0,0.9482628206411997
1,0.017773519334312288,0.9498289624849955
2,0.035547038668624575,0.9503249228000641
3,0.053320558002936856,0.9498637914657593
4,0.07109407733724915,0.9509564191102982
5,0.08886759667156142,0.9514671166737875
6,0.10664111600587371,0.9519830842812856
7,0.124414635340186,0.9516094426314036
8,0.1421881546744983,0.9513009389241537
9,0.1599616740088106,0.9514336933692297
10,0.17773519334312285,0.9522774716218313
11,0.19550871267743514,0.9512362231810888
12,0.21328223201174742,0.9500617484251658
13,0.2310557513460597,0.951054518421491
14,0.248829270680372,0.9500644703706106
15,0.2666027900146843,0.9490510572989782
16,0.2843763093489966,0.9508605748414993
17,0.30214982868330886,0.9506843338410059
18,0.3199233480176212,0.9510937382777532
19,0.33769686735193344,0.9513142506281534
20,0.3554703866862457,0.9508517036835352
21,0.373243906020558,0.9512634774049123
22,0.3910174253548703,0.9514087835947672
23,0.4087909446891826,0.9520948280890783
24,0.42656446402349485,0.9517136116822561
25,0.44433798335780716,0.9520870198806127
26,0.4621115026921194,0.9523815413316091
27,0.47988502202643174,0.9534214486678442
28,0.497658541360744,0.9527452737092972
29,0.5154320606950563,0.9536912888288498
30,0.5332055800293686,0.9532844523588816
31,0.5509790993636808,0.9537668277819952
32,0.5687526186979932,0.9534594565629959
33,0.5865261380323055,0.9531082361936569
34,0.6042996573666177,0.9530334323644638
35,0.62207317670093,0.9528358578681946
36,0.6398466960352424,0.9526082873344421
37,0.6576202153695546,0.9521078566710154
38,0.6753937347038669,0.9530249039332072
39,0.6931672540381791,0.9526333212852478
40,0.7109407733724914,0.9526955087979635
41,0.7287142927068038,0.9529404242833456
42,0.746487812041116,0.9525191287199656
43,0.7642613313754283,0.9526563137769699
44,0.7820348507097405,0.9522577573855718
45,0.7998083700440529,0.952984501918157
46,0.8175818893783652,0.9528242349624634
47,0.8353554087126774,0.9529556731383005
48,0.8531289280469897,0.9535902092854182
49,0.8709024473813021,0.9535468022028605
50,0.8886759667156143,0.9537134518225988
51,0.9064494860499266,0.9539178262154261
52,0.9242230053842388,0.9537688791751862
53,0.9419965247185512,0.953843797246615
54,0.9597700440528635,0.953510507941246
55,0.9775435633871757,0.9539989531040192
56,0.995317082721488,0.9537747651338577
57,1.0130906020558004,0.9535651206970215
58,1.0308641213901126,0.9542540808518728
59,1.048637640724425,0.9550771663586298
60,1.0664111600587372,0.9554045349359512
61,1.0841846793930494,0.9557019025087357
62,1.1019581987273617,0.9562007238467535
63,1.119731718061674,0.9563600917657217
64,1.1375052373959864,0.9563613285621008
65,1.1552787567302987,0.95582015812397
66,1.173052276064611,0.955623189608256
67,1.1908257953989232,0.9558371007442474
68,1.2085993147332355,0.9565269301335017
69,1.2263728340675477,0.9569393793741862
70,1.24414635340186,0.956691508491834
71,1.2619198727361722,0.9564518531163534
72,1.2796933920704847,0.9565080950657526
73,1.297466911404797,0.9560393244028091
74,1.3152404307391092,0.9557627985874811
75,1.3330139500734215,0.9555783768494924
76,1.3507874694077338,0.9559512635072073
77,1.368560988742046,0.9563025136788686
78,1.3863345080763583,0.9558435380458832
79,1.4041080274106705,0.9563910166422526
80,1.4218815467449828,0.9561937550703684
81,1.4396550660792953,0.9557898094256719
82,1.4574285854136075,0.9567834337552389
83,1.4752021047479198,0.9567131151755651
84,1.492975624082232,0.9563026229540507
85,1.5107491434165443,0.9558444966872534
86,1.5285226627508566,0.955464964111646
87,1.5462961820851688,0.9555004636446635
88,1.564069701419481,0.9553225884834925
89,1.5818432207537936,0.9553484718004862
90,1.5996167400881058,0.9552793204784393
91,1.617390259422418,0.9555560797452927
92,1.6351637787567304,0.9554148068030676
93,1.6529372980910426,0.9561201979716619
94,1.6707108174253549,0.9564806520938873
95,1.6884843367596671,0.9567678570747375
96,1.7062578560939794,0.9571748127539953
97,1.7240313754282917,0.9572267134984335
98,1.7418048947626041,0.9576185395320257
99,1.7595784140969164,0.9583533157904943
100,1.7773519334312287,0.9589499880870184
101,1.795125452765541,0.959237277507782
102,1.8128989720998532,0.9595558593670527
103,1.8306724914341654,0.9600681016842524
104,1.8484460107684777,0.9599114805459976
105,1.86621953010279,0.9603466093540192
106,1.8839930494371024,0.9605794002612432
107,1.9017665687714147,0.9613417486349741
108,1.919540088105727,0.9613992323478063
109,1.9373136074400392,0.9615710626045862
110,1.9550871267743515,0.9619575639565786
111,1.9728606461086637,0.9626368333896002
112,1.990634165442976,0.9627877225478491
113,2.0084076847772883,0.9629666209220886
114,2.0261812041116007,0.9635064800580343
115,2.043954723445913,0.964283804098765
116,2.0617282427802253,0.9647467384735743
117,2.0795017621145373,0.9647429784138998
118,2.09727528144885,0.9648924271265665
119,2.1150488007831623,0.9650822083155314
120,2.1328223201174743,0.9644153366486231
121,2.150595839451787,0.9641186048587164
122,2.168369358786099,0.9640561391909918
123,2.1861428781204113,0.9648493627707163
124,2.2039163974547233,0.9657533168792725
125,2.221689916789036,0.966292217373848
126,2.239463436123348,0.9661861658096313
127,2.2572369554576603,0.9662131716807684
128,2.275010474791973,0.9664648224910101
129,2.292783994126285,0.9671121835708618
130,2.3105575134605973,0.9674851348002752
131,2.3283310327949094,0.9680031190315882
132,2.346104552129222,0.9686736861864725
133,2.363878071463534,0.9688827643791834
134,2.3816515907978464,0.9682691941658655
135,2.3994251101321584,0.9675360023975372
136,2.417198629466471,0.9668199767669042
137,2.4349721488007834,0.9663035819927851
138,2.4527456681350954,0.965497151017189
139,2.470519187469408,0.9622951298952103
140,2.48829270680372,0.958840991059939
141,2.5060662261380324,0.9549596359332403
142,2.5238397454723445,0.9509868870178858
143,2.541613264806657,0.9478035817543665
144,2.5593867841409694,0.9461599141359329
145,2.5771603034752815,0.9422607868909836
146,2.594933822809594,0.9383672078450521
147,2.612707342143906,0.9361167401075363
148,2.6304808614782185,0.9375692258278528
149,2.6482543808125305,0.9396767914295197
150,2.666027900146843,0.9425663352012634
151,2.683801419481155,0.9429800609747568
152,2.7015749388154675,0.9450467129548391
153,2.71934845814978,0.9472048878669739
154,2.737121977484092,0.9498504996299744
155,2.7548954968184045,0.9523070305585861
156,2.7726690161527165,0.9552784115076065
157,2.790442535487029,0.9578548570473989
158,2.808216054821341,0.9599783470233282
159,2.8259895741556535,0.9610625356435776
160,2.8437630934899656,0.9603631893793741
161,2.861536612824278,0.9600364863872528
162,2.8793101321585906,0.9611479640007019
163,2.8970836514929026,0.9606861372788748
164,2.914857170827215,0.9565772165854772
165,2.932630690161527,0.9504309544960657
166,2.9504042094958396,0.9459687223037084
167,2.9681777288301516,0.9425779084364573
168,2.985951248164464,0.9385065188010534
169,3.003724767498776,0.9330824216206869
170,3.0214982868330886,0.9284354001283646
171,3.039271806167401,0.9248398244380951
172,3.057045325501713,0.922562042872111
173,3.0748188448360256,0.9234581192334493
174,3.0925923641703377,0.922127495209376
175,3.11036588350465,0.9240679393212
176,3.128139402838962,0.9245381057262421
177,3.1459129221732747,0.9232358535130819
178,3.163686441507587,0.9232113659381866
179,3.181459960841899,0.925210898121198
180,3.1992334801762117,0.9233572979768118
181,3.2170069995105237,0.9220439195632935
182,3.234780518844836,0.9231298367182413
183,3.2525540381791482,0.9235693514347076
184,3.2703275575134607,0.9245194395383199
185,3.2881010768477728,0.9245288719733556
186,3.3058745961820852,0.926270936926206
187,3.3236481155163977,0.9232323815425237
188,3.3414216348507098,0.9240951289733251
189,3.3591951541850222,0.9207173685232798
190,3.3769686735193343,0.9221189667781194
191,3.3947421928536468,0.9189348270495733
192,3.412515712187959,0.9175276656945547
193,3.4302892315222713,0.9162004838387171
194,3.4480627508565833,0.9169532159964243
195,3.465836270190896,0.9177507857481638
196,3.4836097895252083,0.920043021440506
197,3.5013833088595203,0.9252175291379293
198,3.519156828193833,0.9297794699668884
199,3.536930347528145,0.9339982916911443
200,3.5547038668624573,0.9389862716197968
201,3.5724773861967694,0.9440319687128067
202,3.590250905531082,0.9473496377468109
203,3.608024424865394,0.9492431779702505
204,3.6257979441997064,0.952247217297554
205,3.643571463534019,0.9538046369949976
206,3.661344982868331,0.9525022953748703
207,3.6791185022026434,0.9514416803916296
208,3.6968920215369554,0.9519534260034561
209,3.714665540871268,0.9507274279991785
210,3.73243906020558,0.9494678676128387
211,3.7502125795398924,0.9485393017530441
212,3.767986098874205,0.9496738165616989
213,3.785759618208517,0.949611301223437
214,3.8035331375428294,0.9480109711488088
215,3.8213066568771414,0.9487638622522354
216,3.839080176211454,0.9484553386767706
217,3.856853695545766,0.9491098920504252
218,3.8746272148800784,0.9498547663291296
219,3.8924007342143905,0.9502710253000259
220,3.910174253548703,0.9515634824832281
221,3.9279477728830154,0.9516836752494177
222,3.9457212922173275,0.9513347645600637
223,3.96349481155164,0.9520048995812734
224,3.981268330885952,0.953468014796575
225,3.9990418502202645,0.9543541570504507
226,4.0168153695545765,0.955044204990069
227,4.034588888888889,0.9547118097543716
228,4.0523624082232015,0.9535768230756124
229,4.070135927557514,0.9510631759961446
230,4.087909446891826,0.9474650671084722
231,4.105682966226138,0.9463463226954142
232,4.1234564855604505,0.9431935399770737
233,4.141230004894763,0.9404201209545135
234,4.159003524229075,0.9371863752603531
235,4.176777043563387,0.9345394720633825
236,4.1945505628977,0.9334235489368439
237,4.212324082232012,0.9336870312690735
238,4.2300976015663245,0.931795209646225
239,4.247871120900636,0.9308249553044637
240,4.265644640234949,0.9306612263123194
241,4.283418159569261,0.9308019479115804
242,4.301191678903574,0.9310089896122614
243,4.318965198237885,0.9313654601573944
244,4.336738717572198,0.9322647253672282
245,4.35451223690651,0.9334559788306555
246,4.372285756240823,0.9323668032884598
247,4.390059275575135,0.9301144828399023
248,4.407832794909447,0.928519090016683
249,4.425606314243759,0.9275929629802704
250,4.443379833578072,0.9212956627209982
251,4.461153352912384,0.9211350381374359
252,4.478926872246696,0.9199132323265076
253,4.496700391581008,0.9218894392251968
254,4.514473910915321,0.9225476036469141
255,4.532247430249633,0.9215012937784195
256,4.550020949583946,0.9209411988655726
257,4.567794468918257,0.9205418477455775
258,4.58556798825257,0.9189910839001337
259,4.603341507586882,0.9192850639422735
260,4.621115026921195,0.9213540554046631
261,4.638888546255506,0.9216020007928213
262,4.656662065589819,0.9212776869535446
263,4.674435584924131,0.9191337476174036
264,4.692209104258444,0.9204464356104533
265,4.709982623592756,0.9221338927745819
266,4.727756142927068,0.9257527242104212
267,4.74552966226138,0.928434208035469
268,4.763303181595693,0.930092657605807
269,4.781076700930005,0.931563084324201
270,4.798850220264317,0.9337293257315954
271,4.816623739598629,0.9360741625229517
272,4.834397258932942,0.938477580746015
273,4.852170778267254,0.9413876334826151
274,4.869944297601567,0.9446065872907639
275,4.887717816935878,0.947270671526591
276,4.905491336270191,0.9487609167893728
277,4.923264855604503,0.9494491865237554
278,4.941038374938816,0.9510909716288248
279,4.958811894273127,0.9525564958651861
280,4.97658541360744,0.9538106371959051
281,4.994358932941752,0.9535111039876938
282,5.012132452276065,0.9542166392008463
283,5.029905971610377,0.954917257030805
284,5.047679490944689,0.956906333565712
285,5.065453010279001,0.9585588723421097
286,5.083226529613314,0.9593566010395685
287,5.101000048947626,0.9595263401667277
288,5.118773568281939,0.9598132173220316
289,5.1365470876162505,0.9600415875514349
290,5.154320606950563,0.959815596540769
291,5.172094126284875,0.9569584180911382
292,5.189867645619188,0.9562089890241623
293,5.2076411649534995,0.9538513322671255
294,5.225414684287812,0.9501937925815582
295,5.2431882036221245,0.9467001805702845
296,5.260961722956437,0.9456492761770884
297,5.278735242290749,0.9436945567528406
298,5.296508761625061,0.9410479764143626
299,5.3142822809593735,0.9374104191859564
300,5.332055800293686,0.9350643207629522
301,5.3498293196279985,0.9358734140793482
302,5.36760283896231,0.9354421148697535
303,5.3853763582966225,0.9385790377855301
304,5.403149877630935,0.9394079744815826
305,5.4209233969652475,0.9413628677527109
306,5.43869691629956,0.9441596766312917
307,5.456470435633872,0.9479758590459824
308,5.474243954968184,0.9497131556272507
309,5.4920174743024965,0.9521020551522573
310,5.509790993636809,0.9539949744939804
311,5.527564512971121,0.9548327972491583
312,5.545338032305433,0.956486240029335
313,5.563111551639746,0.9571039080619812
314,5.580885070974058,0.9574518104394277
315,5.5986585903083705,0.9584421217441559
316,5.616432109642682,0.9583994994560877
317,5.634205628976995,0.9578638970851898
318,5.651979148311307,0.9589338103930155
319,5.66975266764562,0.9579762071371078
320,5.687526186979931,0.9578710645437241
321,5.705299706314244,0.959041178226471
322,5.723073225648556,0.9602045814196268
323,5.740846744982869,0.9610391656557719
324,5.758620264317181,0.9603280375401179
325,5.776393783651493,0.9582023123900095
326,5.794167302985805,0.9540326446294785
327,5.811940822320118,0.953484003742536
328,5.82971434165443,0.9495994200309118
329,5.847487860988742,0.9470264812310537
330,5.865261380323054,0.9443082461754481
331,5.883034899657367,0.9419475744167963
332,5.900808418991679,0.9392655889193217
333,5.918581938325992,0.9359160761038462
334,5.936355457660303,0.9324810157219569
335,5.954128976994616,0.9238278468449911
336,5.971902496328928,0.9155593315760294
337,5.989676015663241,0.9120876292387644
338,6.007449534997552,0.9137331595023473
339,6.025223054331865,0.9150695204734802
340,6.042996573666177,0.9191451817750931
341,6.06077009300049,0.9232733249664307
342,6.078543612334802,0.9247241665919622
343,6.096317131669114,0.9265233228603998
344,6.114090651003426,0.9274140844742457
345,6.131864170337739,0.9261536051829656
346,6.149637689672051,0.9235021869341532
347,6.167411209006363,0.9227892508109411
348,6.185184728340675,0.921665370464325
349,6.202958247674988,0.9234620680411657
350,6.2207317670093,0.9259330878655115
351,6.238505286343613,0.9287626792987188
352,6.256278805677924,0.9305097709099451
353,6.274052325012237,0.9314288397630056
354,6.291825844346549,0.931871086359024
355,6.309599363680862,0.9336294680833817
356,6.327372883015174,0.9346896360317866
357,6.345146402349486,0.9361190050840378
358,6.362919921683798,0.9381889502207438
359,6.380693441018111,0.9398441960414251
360,6.398466960352423,0.9409212569395701
361,6.416240479686735,0.9422453045845032
362,6.434013999021047,0.9433644314606985
363,6.45178751835536,0.9438183854023615
364,6.469561037689672,0.9437683125336965
365,6.487334557023985,0.9439823428789774
366,6.5051080763582965,0.9435757746299108
367,6.522881595692609,0.9434485534826914
368,6.540655115026921,0.9421015630165736
369,6.558428634361234,0.9409345140059789
370,6.5762021536955455,0.9394277880589167
371,6.593975673029858,0.9385268241167068
372,6.6117491923641705,0.9376128564278284
373,6.629522711698483,0.9382676978905996
374,6.647296231032795,0.9378519753615061
375,6.665069750367107,0.9381172160307566
376,6.6828432697014195,0.9359091569979986
377,6.700616789035732,0.9377543926239014
378,6.7183903083700445,0.9390229135751724
379,6.736163827704356,0.9411514351765314
380,6.7539373470386685,0.942984605828921
381,6.771710866372981,0.9435218920310339
382,6.7894843857072935,0.9423139045635859
383,6.807257905041606,0.940490648150444
384,6.825031424375918,0.93928791085879
385,6.84280494371023,0.9374861071507136
386,6.8605784630445426,0.9358922640482584
387,6.878351982378855,0.9355874359607697
388,6.896125501713167,0.936199739575386
389,6.913899021047479,0.9344122757514318
390,6.931672540381792,0.9314315915107727
391,6.949446059716104,0.9255266388257345
392,6.9672195790504166,0.918433333436648
393,6.984993098384728,0.9171569347381592
394,7.002766617719041,0.9191355655590693
395,7.020540137053353,0.921677365899086
396,7.038313656387666,0.9233963588873545
397,7.056087175721977,0.9259555041790009
398,7.07386069505629,0.9273770948251089
399,7.091634214390602,0.9240617156028748
400,7.109407733724915,0.9242970248063406
401,7.127181253059227,0.9247670421997706
402,7.144954772393539,0.9281242688496908
403,7.162728291727851,0.9324218531449636
404,7.180501811062164,0.9356396198272705
405,7.198275330396476,0.9393567989269892
406,7.216048849730788,0.9426970928907394
407,7.2338223690651,0.9463456571102142
408,7.251595888399413,0.9498752603928248
409,7.269369407733725,0.953461617231369
410,7.287142927068038,0.9564604858557383
411,7.304916446402349,0.9594633728265762
412,7.322689965736662,0.9626199056704839
413,7.340463485070974,0.9656286189953486
414,7.358237004405287,0.968333234389623
415,7.376010523739599,0.9704418182373047
416,7.393784043073911,0.9726979086796442
417,7.411557562408223,0.9745546281337738
418,7.429331081742536,0.9762462377548218
419,7.447104601076848,0.9778226961692175
420,7.46487812041116,0.9792568335930506
421,7.482651639745472,0.980507825811704
422,7.500425159079785,0.9814850091934204
423,7.518198678414097,0.9822689940532049
424,7.53597219774841,0.9829963892698288
425,7.553745717082721,0.9837596714496613
426,7.571519236417034,0.9845793098211288
427,7.589292755751346,0.9848744968573252
428,7.607066275085659,0.9852151473363241
429,7.62483979441997,0.9856445988019308
430,7.642613313754283,0.9860619157552719
431,7.660386833088595,0.9863905757665634
432,7.678160352422908,0.986733689904213
433,7.69593387175722,0.9868471970160803
434,7.713707391091532,0.9872015714645386
435,7.731480910425844,0.9874316106239954
436,7.749254429760157,0.987805093328158
437,7.767027949094469,0.9881709814071655
438,7.784801468428781,0.9885142495234808
439,7.802574987763093,0.9888022194306055
440,7.820348507097406,0.9891259719928106
441,7.838122026431718,0.9893653790156046
442,7.855895545766031,0.9896668990453085
443,7.8736690651003425,0.9894967377185822
444,7.891442584434655,0.9894677648941675
445,7.909216103768967,0.9894342919190725
446,7.92698962310328,0.98921337723732
447,7.9447631424375915,0.989533265431722
448,7.962536661771904,0.9895616521437963
449,7.9803101811062165,0.9896233230829239
450,7.998083700440529,0.9896927376588186
451,8.01585721977484,0.9900044550498327
452,8.033630739109153,0.9901534269253413
453,8.051404258443466,0.9902512977520624
454,8.069177777777778,0.9904985030492147
455,8.08695129711209,0.9900608410437902
456,8.104724816446403,0.9900103310743967
457,8.122498335780715,0.9896890074014664
458,8.140271855115028,0.9897886514663696
459,8.158045374449339,0.9900766462087631
460,8.175818893783651,0.9899129370848337
461,8.193592413117964,0.9899461219708124
462,8.211365932452276,0.9899797141551971
463,8.229139451786589,0.9894044697284698
464,8.246912971120901,0.9890046765406927
465,8.264686490455214,0.9887126783529917
466,8.282460009789526,0.9888353596131007
467,8.300233529123838,0.9886397222677866
468,8.31800704845815,0.9888087113698324
469,8.335780567792462,0.9883773376544317
470,8.353554087126774,0.9886685460805893
471,8.371327606461087,0.9888553967078527
472,8.3891011257954,0.988859012722969
473,8.406874645129712,0.9886284470558167
474,8.424648164464024,0.9892647713422775
475,8.442421683798337,0.9889588356018066
476,8.460195203132649,0.9889657745758692
477,8.47796872246696,0.9886287103096644
478,8.495742241801272,0.9884730031092962
479,8.513515761135585,0.9885214666525522
480,8.531289280469897,0.9876429935296377
481,8.54906279980421,0.9854623228311539
482,8.566836319138522,0.9883383264144262
483,8.584609838472835,0.9890263924996058
484,8.602383357807147,0.9890757948160172
485,8.62015687714146,0.9883989046017329
486,8.63793039647577,0.9883477588494619
487,8.655703915810083,0.988443503777186
488,8.673477435144395,0.988622119029363
489,8.691250954478708,0.9878575752178828
490,8.70902447381302,0.988497739036878
491,8.726797993147333,0.9883629977703094
492,8.744571512481645,0.9881084710359573
493,8.762345031815958,0.9878541827201843
494,8.78011855115027,0.9872374633948008
495,8.79789207048458,0.9860205153624216
496,8.815665589818893,0.9854397177696228
497,8.833439109153206,0.9843222598234812
498,8.851212628487518,0.9827515234549841
499,8.86898614782183,0.980744461218516
500,8.886759667156143,0.9779833753903707
501,8.904533186490456,0.9749657760063807
502,8.922306705824768,0.9733804017305374
503,8.94008022515908,0.969864601890246
504,8.957853744493391,0.9677264839410782
505,8.975627263827704,0.9629141141970953
506,8.993400783162016,0.9607789516448975
507,9.011174302496329,0.9574911991755167
508,9.028947821830641,0.9548301746447881
509,9.046721341164954,0.9514890114466349
510,9.064494860499266,0.95054263373216
511,9.082268379833579,0.9497168064117432
512,9.100041899167891,0.950318788488706
513,9.117815418502202,0.9498374958833059
514,9.135588937836514,0.9498007595539093
515,9.153362457170827,0.9492783695459366
516,9.17113597650514,0.9501597036918005
517,9.188909495839452,0.9515496591726939
518,9.206683015173764,0.9524757464726766
519,9.224456534508077,0.9524004111687342
520,9.24223005384239,0.9533918599287668
521,9.260003573176702,0.9547876020272573
522,9.277777092511013,0.9558532883723577
523,9.295550611845325,0.9568090389172236
524,9.313324131179638,0.9576374838749567
525,9.33109765051395,0.958354597290357
526,9.348871169848262,0.9585156490405401
527,9.366644689182575,0.9593731115261713
528,9.384418208516887,0.9583759109179179
529,9.4021917278512,0.9593265404303869
530,9.419965247185512,0.9597688764333725
531,9.437738766519823,0.9601781268914541
532,9.455512285854136,0.9609353244304657
533,9.473285805188448,0.9582454711198807
534,9.49105932452276,0.95729927221934
535,9.508832843857073,0.9555309563875198
536,9.526606363191386,0.9538055658340454
537,9.544379882525698,0.9519757479429245
538,9.56215340186001,0.9533823182185491
539,9.579926921194323,0.953930268685023
540,9.597700440528634,0.9555107752482096
541,9.615473959862946,0.9544980178276697
542,9.633247479197259,0.9533415039380392
543,9.651020998531571,0.9517877995967865
544,9.668794517865884,0.9530831277370453
545,9.686568037200196,0.9524133950471878
546,9.704341556534509,0.9542336116234461
547,9.722115075868821,0.9556731233994166
548,9.739888595203134,0.9576826492945353
549,9.757662114537444,0.9595523625612259
550,9.775435633871757,0.9610488265752792
551,9.79320915320607,0.9616743425528208
552,9.810982672540382,0.9625350534915924
553,9.828756191874694,0.962837686141332
554,9.846529711209007,0.9627909163633982
555,9.86430323054332,0.9624917805194855
556,9.882076749877632,0.9629824608564377
557,9.899850269211944,0.9628379096587499
558,9.917623788546255,0.9633341679970423
559,9.935397307880567,0.9631281048059464
560,9.95317082721488,0.9645037104686102
561,9.970944346549192,0.9661444922288259
562,9.988717865883505,0.9679793367783228
563,10.006491385217817,0.9695053348938624
564,10.02426490455213,0.9704624166091284
565,10.042038423886442,0.971242239077886
566,10.059811943220755,0.9722524036963781
567,10.077585462555065,0.9726226180791855
568,10.095358981889378,0.9727167884508768
569,10.11313250122369,0.9735013743241628
570,10.130906020558003,0.9742640405893326
571,10.148679539892315,0.974649652838707
572,10.166453059226628,0.974828357497851
573,10.18422657856094,0.9755468666553497
574,10.202000097895253,0.9760033239920934
575,10.219773617229565,0.9765743563572565
576,10.237547136563878,0.9773279627164205
577,10.255320655898188,0.9775039752324423
578,10.273094175232501,0.9775211413701376
579,10.290867694566813,0.9782371719678243
580,10.308641213901126,0.978335772951444
581,10.326414733235438,0.9787463744481405
582,10.34418825256975,0.9789567093054453
583,10.361961771904063,0.9791255791982015
584,10.379735291238376,0.9795437206824621
585,10.397508810572688,0.9797239899635315
586,10.415282329906999,0.9802477657794952
587,10.433055849241311,0.9803123523791631
588,10.450829368575624,0.9809836000204086
589,10.468602887909936,0.9814689656098684
590,10.486376407244249,0.9819778899351755
591,10.504149926578561,0.9827732394138972
592,10.521923445912874,0.9833561728398005
593,10.539696965247186,0.9839091698328654
594,10.557470484581499,0.9843649367491404
595,10.57524400391581,0.9847519447406133
596,10.593017523250122,0.9851583888133367
597,10.610791042584435,0.9853650579849879
598,10.628564561918747,0.9858000228802363
599,10.64633808125306,0.9862559586763382
600,10.664111600587372,0.9866707722345988
601,10.681885119921684,0.9870245258013407
602,10.699658639255997,0.9876149992148081
603,10.71743215859031,0.9879931956529617
604,10.73520567792462,0.9881692181030909
605,10.752979197258933,0.9883494774500529
606,10.770752716593245,0.9885496298472086
607,10.788526235927558,0.9887974659601847
608,10.80629975526187,0.9889448881149292
609,10.824073274596183,0.9889361262321472
610,10.841846793930495,0.9885713656743368
611,10.859620313264807,0.9885961761077245
612,10.87739383259912,0.9885799537102381
613,10.89516735193343,0.9884085108836492
614,10.912940871267743,0.9878872732321421
615,10.930714390602056,0.9877446740865707
616,10.948487909936368,0.9873254547516505
617,10.96626142927068,0.9873035053412119
618,10.984034948604993,0.9868746548891068
619,11.001808467939306,0.9863870094219843
620,11.019581987273618,0.9859228630860647
621,11.03735550660793,0.9855969200531641
622,11.055129025942241,0.9853704273700714
623,11.072902545276554,0.9849875917037328
624,11.090676064610866,0.983466312289238
625,11.108449583945179,0.9826493958632151
626,11.126223103279491,0.9821874300638834
627,11.143996622613804,0.9812769045432409
628,11.161770141948116,0.9803573042154312
629,11.179543661282429,0.9800029893716177
630,11.197317180616741,0.9786154925823212
631,11.215090699951052,0.9781018644571304
632,11.232864219285364,0.9775478740533193
633,11.250637738619677,0.9764729092518488
634,11.26841125795399,0.9749034742514292
635,11.286184777288302,0.9734164575735728
636,11.303958296622614,0.9710547775030136
637,11.321731815956927,0.9703070422013601
638,11.33950533529124,0.969509944319725
639,11.357278854625552,0.9680482099453608
640,11.375052373959862,0.9672015309333801
641,11.392825893294175,0.9679620216290156
642,11.410599412628487,0.9683322956164678
643,11.4283729319628,0.9664916495482127
644,11.446146451297112,0.9647959073384603
645,11.463919970631425,0.9626256376504898
646,11.481693489965737,0.9595902115106583
647,11.49946700930005,0.956320916612943
648,11.517240528634362,0.9555968542893728
649,11.535014047968673,0.9503859331210455
650,11.552787567302985,0.9432197213172913
651,11.570561086637298,0.9348434060811996
652,11.58833460597161,0.9276773929595947
653,11.606108125305923,0.9205565750598907
654,11.623881644640235,0.9208704680204391
655,11.641655163974548,0.9220535556475321
656,11.65942868330886,0.9215907057126363
657,11.677202202643173,0.9237345407406489
658,11.694975721977483,0.9247692177693049
659,11.712749241311796,0.9198647489150366
660,11.730522760646108,0.9131320317586263
661,11.748296279980421,0.9073363790909449
662,11.766069799314733,0.8990649878978729
663,11.783843318649046,0.8888314813375473
664,11.801616837983358,0.8794141660133997
665,11.81939035731767,0.8701008707284927
666,11.837163876651983,0.8590352907776833
667,11.854937395986294,0.851355567574501
668,11.872710915320607,0.8410610382755598
669,11.890484434654919,0.8271398295958837
670,11.908257953989231,0.8181509797771772
671,11.926031473323544,0.8127671604355177
672,11.943804992657856,0.8024027918775877
673,11.961578511992169,0.7845942576726278
674,11.979352031326481,0.7693788607915243
675,11.997125550660794,0.7620705490310987
676,12.014899069995105,0.7605146070321401
677,12.032672589329417,0.7526784290870031
678,12.05044610866373,0.7378790155053139
679,12.068219627998042,0.7289288391669592
680,12.085993147332355,0.7179563865065575
681,12.103766666666667,0.7176069617271423
682,12.12154018600098,0.7146845981478691
683,12.139313705335292,0.7188353811701139
684,12.157087224669604,0.7271857609351476
685,12.174860744003915,0.7319940701127052
686,12.192634263338228,0.7419975101947784
687,12.21040778267254,0.7531198561191559
688,12.228181302006853,0.7644032488266627
689,12.245954821341165,0.7739961495002111
690,12.263728340675478,0.7831872999668121
691,12.28150186000979,0.7922049686312675
692,12.299275379344103,0.8035920138160387
693,12.317048898678415,0.8134291643897692
694,12.334822418012726,0.8224377433458964
695,12.352595937347038,0.8290171772241592
696,12.37036945668135,0.8362948050101598
697,12.388142976015663,0.8433267225821813
698,12.405916495349976,0.8504640112320582
699,12.423690014684288,0.8570457845926285
700,12.4414635340186,0.8622193435827891
701,12.459237053352913,0.8649999896685282
702,12.477010572687226,0.869298075636228
703,12.494784092021538,0.8733728528022766
704,12.512557611355849,0.8779015988111496
705,12.530331130690161,0.8803438345591227
706,12.548104650024474,0.884293720126152
707,12.565878169358786,0.8863970438639323
708,12.583651688693099,0.8869730432828268
709,12.601425208027411,0.8862562527259191
710,12.619198727361724,0.887845496336619
711,12.636972246696036,0.8865068753560384
712,12.654745766030349,0.8872091124455134
713,12.67251928536466,0.8868609666824341
714,12.690292804698972,0.8893103251854578
715,12.708066324033284,0.8913072297970454
716,12.725839843367597,0.8930441240469614
717,12.74361336270191,0.8934297213951746
718,12.761386882036222,0.8966263085603714
719,12.779160401370534,0.8965582797924677
720,12.796933920704847,0.8947300662597021
721,12.81470744003916,0.8930865079164505
722,12.83248095937347,0.8950499147176743
723,12.850254478707782,0.8973003576199213
724,12.868027998042095,0.899207646648089
725,12.885801517376407,0.9020062138636907
726,12.90357503671072,0.9029220342636108
727,12.921348556045032,0.8987355629603068
728,12.939122075379345,0.9035785098870596
729,12.956895594713657,0.9070524225632349
730,12.97466911404797,0.9069349219401678
731,12.99244263338228,0.9102468540271124
732,13.010216152716593,0.908759742975235
733,13.027989672050905,0.9076831589142481
734,13.045763191385218,0.9072042753299078
735,13.06353671071953,0.9077916890382767
736,13.081310230053843,0.908751184741656
737,13.099083749388155,0.9024269729852676
738,13.116857268722468,0.9022934585809708
739,13.13463078805678,0.9032668620347977
740,13.152404307391091,0.9056802242994308
741,13.170177826725403,0.909622942407926
742,13.187951346059716,0.9155299564202627
743,13.205724865394028,0.9201559126377106
744,13.223498384728341,0.9227431664864222
745,13.241271904062653,0.9245500316222509
746,13.259045423396966,0.9286086857318878
747,13.276818942731278,0.9315363417069117
748,13.29459246206559,0.9331313123305639
749,13.312365981399902,0.9350081284840902
750,13.330139500734214,0.9381338407595953
751,13.347913020068527,0.9383404900630316
752,13.365686539402839,0.9386403361956278
753,13.383460058737151,0.9384455333153406
754,13.401233578071464,0.9398656487464905
755,13.419007097405776,0.9411035577456156
756,13.436780616740089,0.942171037197113
757,13.454554136074401,0.9431803375482559
758,13.472327655408712,0.9445875684420267
759,13.490101174743025,0.9457511156797409
760,13.507874694077337,0.9463074306646982
761,13.52564821341165,0.9472259134054184
762,13.543421732745962,0.9494166920582453
763,13.561195252080275,0.9505458921194077
764,13.578968771414587,0.9520239333311716
765,13.5967422907489,0.9538040906190872
766,13.614515810083212,0.9536253909269968
767,13.632289329417523,0.9542007893323898
768,13.650062848751835,0.956422820687294
769,13.667836368086148,0.9573188126087189
770,13.68560988742046,0.9592201262712479
771,13.703383406754773,0.9590494980414709
772,13.721156926089085,0.9608523895343145
773,13.738930445423398,0.9626028488079706
774,13.75670396475771,0.9643937448660532
775,13.774477484092023,0.9641881833473841
776,13.792251003426333,0.9648695985476176
777,13.810024522760646,0.9661930402119955
778,13.827798042094958,0.9665476034084955
779,13.84557156142927,0.9669992427031199
780,13.863345080763583,0.9661507159471512
781,13.881118600097896,0.9656742413838705
782,13.898892119432208,0.9638977696498235
783,13.91666563876652,0.9629925787448883
784,13.934439158100833,0.9611801852782568
785,13.952212677435144,0.9603456556797028
786,13.969986196769456,0.9567924737930298
787,13.987759716103769,0.9552812427282333
788,14.005533235438081,0.9560849120219549
789,14.023306754772394,0.9553501307964325
790,14.041080274106706,0.9548479715983073
791,14.058853793441019,0.9555558065573374
792,14.076627312775331,0.9565968116124471
793,14.094400832109644,0.9574607412020365
794,14.112174351443954,0.9575137744347254
795,14.129947870778267,0.956428125500679
796,14.14772139011258,0.9562452534834543
797,14.165494909446892,0.9568282067775726
798,14.183268428781204,0.9561830461025238
799,14.201041948115517,0.9561216781536738
800,14.21881546744983,0.953770230213801
801,14.236588986784142,0.9516988595326742
802,14.254362506118454,0.9515909006198248
803,14.272136025452765,0.9502187967300415
804,14.289909544787077,0.9474596927563349
805,14.30768306412139,0.9452367027600607
806,14.325456583455702,0.938037688533465
807,14.343230102790015,0.9324820538361868
808,14.361003622124327,0.9271923651297888
809,14.37877714145864,0.9261359026034673
810,14.396550660792952,0.9229929149150848
811,14.414324180127265,0.9198440114657084
812,14.432097699461576,0.9214738557736079
813,14.449871218795888,0.9212475021680196
814,14.4676447381302,0.9239267259836197
815,14.485418257464513,0.9244508345921835
816,14.503191776798825,0.9219236721595129
817,14.520965296133138,0.9239934931198756
818,14.53873881546745,0.923147901892662
819,14.556512334801763,0.9185889760653178
820,14.574285854136075,0.9158086478710175
821,14.592059373470386,0.9136739919583002
822,14.609832892804699,0.9120148072640101
823,14.627606412139011,0.9131323645512263
824,14.645379931473324,0.9151929865280787
825,14.663153450807636,0.9174642413854599
826,14.680926970141948,0.9172229766845703
827,14.698700489476261,0.9162713487943014
828,14.716474008810573,0.9182499150435129
829,14.734247528144886,0.9173422455787659
830,14.752021047479198,0.9198975463708242
831,14.769794566813509,0.9230471253395081
832,14.787568086147822,0.9243560582399368
833,14.805341605482134,0.9257919639348984
834,14.823115124816447,0.9269997626543045
835,14.840888644150759,0.9257299949725469
836,14.858662163485072,0.9239922215541204
837,14.876435682819384,0.921857883532842
838,14.894209202153696,0.9251802066961924
839,14.911982721488009,0.9204358408848444
840,14.92975624082232,0.9188056836525599
841,14.947529760156632,0.916846846540769
842,14.965303279490945,0.9119785030682882
843,14.983076798825257,0.9112800359725952
844,15.00085031815957,0.9108875344196955
845,15.018623837493882,0.9063980182011923
846,15.036397356828195,0.9024866869052252
847,15.054170876162507,0.896188035607338
848,15.07194439549682,0.88659039636453
849,15.08971791483113,0.878014142314593
850,15.107491434165443,0.8727509280045828
851,15.125264953499755,0.8708775093158087
852,15.143038472834068,0.8619631032148997
853,15.16081199216838,0.8645436068375906
854,15.178585511502693,0.8711132456858953
855,15.196359030837005,0.871245414018631
856,15.214132550171318,0.8689488420883814
857,15.23190606950563,0.867415631810824
858,15.24967958883994,0.869266668955485
859,15.267453108174253,0.8710794349511465
860,15.285226627508566,0.8747632553180059
861,15.303000146842878,0.8753228634595871
862,15.32077366617719,0.8765027672052383
863,15.338547185511503,0.8819391230742136
864,15.356320704845816,0.8861909707387289
865,15.374094224180128,0.8913717021544775
866,15.39186774351444,0.8945872336626053
867,15.409641262848751,0.8994608521461487
868,15.427414782183064,0.9021602819363276
869,15.445188301517376,0.9062778850396475
870,15.462961820851689,0.9096475740273794
871,15.480735340186001,0.9128766308228174
872,15.498508859520314,0.9155274430910746
873,15.516282378854626,0.9165943115949631
874,15.534055898188939,0.9193646560112635
875,15.551829417523251,0.9216307103633881
876,15.569602936857562,0.9222635875145594
877,15.587376456191874,0.9224545657634735
878,15.605149975526187,0.9229261626799902
879,15.6229234948605,0.9211879422267278
880,15.640697014194812,0.9173360417286555
881,15.658470533529124,0.918303186694781
882,15.676244052863437,0.9184716641902924
883,15.69401757219775,0.9211077988147736
884,15.711791091532062,0.9233767141898473
885,15.729564610866372,0.9271228462457657
886,15.747338130200685,0.9204845478137335
887,15.765111649534997,0.9223736872275671
888,15.78288516886931,0.9224806775649389
889,15.800658688203622,0.9239367544651031
890,15.818432207537935,0.9271522561709086
891,15.836205726872247,0.9296053697665533
892,15.85397924620656,0.931206539273262
893,15.871752765540872,0.931799496213595
894,15.889526284875183,0.932609091202418
895,15.907299804209496,0.93605637550354
896,15.925073323543808,0.939346710840861
897,15.94284684287812,0.9414319396018982
898,15.960620362212433,0.9435940533876419
899,15.978393881546745,0.9363184720277786
900,15.996167400881058,0.9246848573287328
901,16.01394092021537,0.9166774749755859
902,16.03171443954968,0.9062695552905401
903,16.049487958883994,0.8962337921063105
904,16.067261478218306,0.8850386093060175
905,16.08503499755262,0.8779989977677664
906,16.10280851688693,0.869144414861997
907,16.120582036221244,0.8651787042617798
908,16.138355555555556,0.8559250980615616
909,16.15612907488987,0.8524929136037827
910,16.17390259422418,0.8432651807864507
911,16.191676113558493,0.8323153654734293
912,16.209449632892806,0.8259683599074682
913,16.22722315222712,0.822244664033254
914,16.24499667156143,0.8162248954176903
915,16.262770190895743,0.8079910178979238
916,16.280543710230056,0.8047147865096728
917,16.298317229564365,0.7973181158304214
918,16.316090748898677,0.7936770940820376
919,16.33386426823299,0.7943364257613817
920,16.351637787567302,0.7928452715277672
921,16.369411306901615,0.7963925004005432
922,16.387184826235927,0.799184945722421
923,16.40495834557024,0.8090996916095415
924,16.422731864904552,0.8230536356568336
925,16.440505384238865,0.8372338439027468
926,16.458278903573177,0.8516539509097735
927,16.47605242290749,0.865083081026872
928,16.493825942241802,0.8769531895716985
929,16.511599461576115,0.8881206711133321
930,16.529372980910427,0.8981354584296545
931,16.54714650024474,0.9075900763273239
932,16.564920019579052,0.9156750937302908
933,16.582693538913365,0.9228244374195734
934,16.600467058247677,0.9293578167756399
935,16.618240577581986,0.9347589214642843
936,16.6360140969163,0.9386307497819265
937,16.65378761625061,0.9430081595977148
938,16.671561135584923,0.9462052136659622
939,16.689334654919236,0.9485414077838262
940,16.70710817425355,0.9519930233558019
941,16.72488169358786,0.9555427034695944
942,16.742655212922173,0.9584539781014124
943,16.760428732256486,0.9609897434711456
944,16.7782022515908,0.9638486901919047
945,16.79597577092511,0.9664114862680435
946,16.813749290259423,0.968839074174563
947,16.831522809593736,0.9709264983733495
948,16.849296328928048,0.972624863187472
949,16.86706984826236,0.9739904205004374
950,16.884843367596673,0.9754930039246877
951,16.902616886930986,0.9764614601929983
952,16.920390406265298,0.9779197623332342
953,16.938163925599607,0.9787884950637817
954,16.95593744493392,0.9790339271227518
955,16.973710964268232,0.9793965915838877
956,16.991484483602544,0.9798597941795985
957,17.009258002936857,0.9800707300504049
958,17.02703152227117,0.980309729774793
959,17.044805041605482,0.9808799078067144
960,17.062578560939794,0.9815567235151926
961,17.080352080274107,0.9821592768033346
962,17.09812559960842,0.9821739892164866
963,17.115899118942732,0.9830833574136099
964,17.133672638277044,0.9838291158278784
965,17.151446157611357,0.984978660941124
966,17.16921967694567,0.985897978146871
967,17.186993196279982,0.986664816737175
968,17.204766715614294,0.987450490395228
969,17.222540234948607,0.9881916493177414
970,17.24031375428292,0.9887141088644663
971,17.258087273617228,0.9892553438742956
972,17.27586079295154,0.9895699967940649
973,17.293634312285853,0.9899645894765854
974,17.311407831620166,0.9900800188382467
975,17.329181350954478,0.9900981336832047
976,17.34695487028879,0.9901814063390096
977,17.364728389623103,0.9901961336533228
978,17.382501908957416,0.9900540659825007
979,17.400275428291728,0.9896437525749207
980,17.41804894762604,0.9885083784659704
981,17.435822466960353,0.9867456952730814
982,17.453595986294665,0.9852644354104996
983,17.471369505628978,0.9830619742472967
984,17.48914302496329,0.9821746746699015
985,17.506916544297603,0.9811399728059769
986,17.524690063631915,0.980451911687851
987,17.542463582966228,0.9803923616806666
988,17.56023710230054,0.9804051518440247
989,17.57801062163485,0.9810392210880915
990,17.59578414096916,0.9808377226193746
991,17.613557660303474,0.9808207352956136
992,17.631331179637787,0.9802168111006418
993,17.6491046989721,0.9799114465713501
994,17.66687821830641,0.9790645142396291
995,17.684651737640724,0.9775749941666921
996,17.702425256975037,0.9761661291122437
997,17.72019877630935,0.9740695903698603
998,17.73797229564366,0.9727500875790914
999,17.755745814977974,0.9726761976877848
1000,17.773519334312287,0.971367766459783
1001,17.7912928536466,0.9707737267017365
1002,17.80906637298091,0.9704436461130778
1003,17.826839892315224,0.9696249316136042
1004,17.844613411649537,0.9690035780270895
1005,17.86238693098385,0.9680010229349136
1006,17.88016045031816,0.9661803593238195
1007,17.89793396965247,0.9625318994124731
1008,17.915707488986783,0.9585964928070704
1009,17.933481008321095,0.9550907065471014
1010,17.951254527655408,0.9508362114429474
1011,17.96902804698972,0.9491578241189321
1012,17.986801566324033,0.9483897139628729
1013,18.004575085658345,0.9494174122810364
1014,18.022348604992658,0.9511644790569941
1015,18.04012212432697,0.9506945312023163
1016,18.057895643661283,0.9513780325651169
1017,18.075669162995595,0.9517823507388433
1018,18.093442682329908,0.950652465224266
1019,18.11121620166422,0.9513094375530878
1020,18.128989720998533,0.9513303289810816
1021,18.146763240332845,0.9533007542292277
1022,18.164536759667158,0.9549580067396164
1023,18.18231027900147,0.9570906658967336
1024,18.200083798335783,0.9560203949610392
1025,18.217857317670095,0.9579196919997534
1026,18.235630837004404,0.9561575800180435
1027,18.253404356338716,0.9556749016046524
1028,18.27117787567303,0.9558180868625641
1029,18.28895139500734,0.9571557690699896
1030,18.306724914341654,0.9579587330420812
1031,18.324498433675966,0.959053099155426
1032,18.34227195301028,0.9611373543739319
1033,18.36004547234459,0.9615211089452108
1034,18.377818991678904,0.9600524852673212
1035,18.395592511013216,0.9575793445110321
1036,18.41336603034753,0.9531699766715368
1037,18.43113954968184,0.9506699989239374
1038,18.448913069016154,0.9467992534240087
1039,18.466686588350466,0.9439201802015305
1040,18.48446010768478,0.9384143849213918
1041,18.50223362701909,0.9356427391370138
1042,18.520007146353404,0.9351302981376648
1043,18.537780665687716,0.9377547601858774
1044,18.555554185022025,0.9406456549962362
1045,18.573327704356338,0.9433417320251465
1046,18.59110122369065,0.9455056687196096
1047,18.608874743024963,0.9477835396925608
1048,18.626648262359275,0.9494823068380356
1049,18.644421781693588,0.9522649049758911
1050,18.6621953010279,0.9555379499991735
1051,18.679968820362213,0.9582378764947256
1052,18.697742339696525,0.9606872548659643
1053,18.715515859030837,0.9635234326124191
1054,18.73328937836515,0.96560071905454
1055,18.751062897699462,0.9679653147856394
1056,18.768836417033775,0.9702802499135336
1057,18.786609936368087,0.9721853186686834
1058,18.8043834557024,0.9738806734482447
1059,18.822156975036712,0.9753479510545731
1060,18.839930494371025,0.9760689983765284
1061,18.857704013705337,0.9770590017239252
1062,18.875477533039646,0.9749929259220759
1063,18.89325105237396,0.9763794243335724
1064,18.91102457170827,0.977856328090032
1065,18.928798091042584,0.9786821405092875
1066,18.946571610376896,0.9796376576026281
1067,18.96434512971121,0.9806359509627024
1068,18.98211864904552,0.981539915005366
1069,18.999892168379834,0.9822506904602051
1070,19.017665687714146,0.9827980796496073
1071,19.03543920704846,0.9837646335363388
1072,19.05321272638277,0.9848651985327402
1073,19.070986245717084,0.9859199225902557
1074,19.088759765051396,0.9868587901194891
1075,19.10653328438571,0.9875509192546209
1076,19.12430680372002,0.9880972107251486
1077,19.142080323054333,0.9888147463401159
1078,19.159853842388646,0.9895491749048233
1079,19.17762736172296,0.9899239540100098
1080,19.195400881057267,0.9900472462177277
1081,19.21317440039158,0.9900716046492258
1082,19.230947919725892,0.9901924679676691
1083,19.248721439060205,0.9902296960353851
1084,19.266494958394517,0.9903805206219355
1085,19.28426847772883,0.9907185236612955
1086,19.302041997063142,0.9909782608350118
1087,19.319815516397455,0.9912662853797277
1088,19.337589035731767,0.991556833187739
1089,19.35536255506608,0.9918518960475922
1090,19.373136074400392,0.9920296768347422
1091,19.390909593734705,0.9922130902608236
1092,19.408683113069017,0.9923713852961858
1093,19.42645663240333,0.9925788144270579
1094,19.444230151737642,0.9928141087293625
1095,19.462003671071955,0.9930269122123718
1096,19.479777190406267,0.9932640194892883
1097,19.49755070974058,0.993542417883873
1098,19.51532422907489,0.9936516930659612
1099,19.5330977484092,0.993852416674296
1100,19.550871267743513,0.9940107514460882
1101,19.568644787077826,0.9940733164548874
1102,19.58641830641214,0.9940828333298365
1103,19.60419182574645,0.9942373931407928
1104,19.621965345080763,0.9944250832001368
1105,19.639738864415076,0.9945136258999506
1106,19.65751238374939,0.9945991138617197
1107,19.6752859030837,0.9946978638569514
1108,19.693059422418013,0.9947374562422434
1109,19.710832941752326,0.9948136607805887
1110,19.72860646108664,0.9948408404986063
1111,19.74637998042095,0.9947865655024847
1112,19.764153499755263,0.9948924978574117
1113,19.781927019089576,0.9948653876781464
1114,19.799700538423888,0.9945862839619318
1115,19.8174740577582,0.9946331034104029
1116,19.83524757709251,0.9947695235411326
1117,19.853021096426822,0.9948024749755859
1118,19.870794615761135,0.9946992446978887
1119,19.888568135095447,0.9946421931187311
1120,19.90634165442976,0.9946072498957316
1121,19.924115173764072,0.9944455871979395
1122,19.941888693098385,0.9945483207702637
1123,19.959662212432697,0.9942817588647207
1124,19.97743573176701,0.994313249985377
1125,19.995209251101322,0.99421426653862
1126,20.012982770435634,0.9943002611398697
1127,20.030756289769947,0.994184230764707
1128,20.04852980910426,0.993651087085406
1129,20.066303328438572,0.9933219949404398
1130,20.084076847772884,0.9933105359474818
1131,20.101850367107197,0.9930534511804581
1132,20.11962388644151,0.9929222216208776
1133,20.137397405775822,0.992988164226214
1134,20.15517092511013,0.9927948514620463
1135,20.172944444444443,0.9928261886040369
1136,20.190717963778756,0.9929108122984568
1137,20.208491483113068,0.9926605472962061
1138,20.22626500244738,0.9926696717739105
1139,20.244038521781693,0.9926363031069437
1140,20.261812041116006,0.9925729086001714
1141,20.279585560450318,0.9925092061360677
1142,20.29735907978463,0.9926049361626307
1143,20.315132599118943,0.9927423199017843
1144,20.332906118453256,0.9927403728167216
1145,20.350679637787568,0.9926591515541077
1146,20.36845315712188,0.9923405448595682
1147,20.386226676456193,0.9923348228136698
1148,20.404000195790506,0.9921888907750448
1149,20.421773715124818,0.9917807479699453
1150,20.43954723445913,0.9915501226981481
1151,20.457320753793443,0.9915591279665629
1152,20.475094273127755,0.9914338092009226
1153,20.492867792462064,0.9913450628519058
1154,20.510641311796377,0.9913063844045004
1155,20.52841483113069,0.9911340475082397
1156,20.546188350465002,0.9912769496440887
1157,20.563961869799314,0.9912806848684946
1158,20.581735389133627,0.9912245670954386
1159,20.59950890846794,0.9911326368649801
1160,20.61728242780225,0.9912783801555634
1161,20.635055947136564,0.9913701464732488
1162,20.652829466470877,0.9911283353964487
1163,20.67060298580519,0.9911394615968069
1164,20.6883765051395,0.9913887530565262
1165,20.706150024473814,0.9912960429986318
1166,20.723923543808127,0.9908143977324168
1167,20.74169706314244,0.9902971982955933
1168,20.75947058247675,0.9887455950180689
1169,20.777244101811064,0.9876382350921631
1170,20.795017621145377,0.9851119667291641
1171,20.812791140479685,0.9823087155818939
1172,20.830564659813998,0.9800777633984884
1173,20.84833817914831,0.9772184739510218
1174,20.866111698482623,0.9755884210268656
1175,20.883885217816935,0.9739821255207062
1176,20.901658737151248,0.9731198896964391
1177,20.91943225648556,0.9726943920056025
1178,20.937205775819873,0.9733707855145136
1179,20.954979295154185,0.9727071076631546
1180,20.972752814488498,0.9735371371110281
1181,20.99052633382281,0.9743224630753199
1182,21.008299853157123,0.9756534894307455
1183,21.026073372491435,0.9771533260742823
1184,21.043846891825748,0.9788613319396973
1185,21.06162041116006,0.9804265846808752
1186,21.079393930494373,0.9818531175454458
1187,21.097167449828685,0.9831176350514094
1188,21.114940969162998,0.9841810862223307
1189,21.132714488497307,0.9850654502709707
1190,21.15048800783162,0.9856185068686804
1191,21.16826152716593,0.9862507780392965
1192,21.186035046500244,0.9861716081698736
1193,21.203808565834557,0.9855562796195348
1194,21.22158208516887,0.9824415246645609
1195,21.23935560450318,0.980625107884407
1196,21.257129123837494,0.9771430393060049
1197,21.274902643171806,0.9767428636550903
1198,21.29267616250612,0.976602703332901
1199,21.31044968184043,0.9778687308231989
1200,21.328223201174744,0.9789256453514099
1201,21.345996720509056,0.9803052345911661
1202,21.36377023984337,0.9811202138662338
1203,21.38154375917768,0.9820736050605774
1204,21.399317278511994,0.9828503876924515
1205,21.417090797846306,0.9835725426673889
1206,21.43486431718062,0.9842455834150314
1207,21.452637836514928,0.9846776922543844
1208,21.47041135584924,0.9845149517059326
1209,21.488184875183553,0.9846071153879166
1210,21.505958394517865,0.9849270631869634
1211,21.523731913852178,0.9850775649150213
1212,21.54150543318649,0.9850828349590302
1213,21.559278952520803,0.9849443286657333
1214,21.577052471855115,0.9845048387845358
1215,21.594825991189428,0.9841699500878652
1216,21.61259951052374,0.9837760875622431
1217,21.630373029858053,0.9825237542390823
1218,21.648146549192365,0.982517754038175
1219,21.665920068526678,0.982451930642128
1220,21.68369358786099,0.9829331338405609
1221,21.701467107195302,0.9831992586453756
1222,21.719240626529615,0.9835445284843445
1223,21.737014145863927,0.9841085821390152
1224,21.75478766519824,0.9843496481577555
1225,21.77256118453255,0.9829164793094
1226,21.79033470386686,0.9831815560658773
1227,21.808108223201174,0.9815975278615952
1228,21.825881742535486,0.9798664698998133
1229,21.8436552618698,0.9768950790166855
1230,21.86142878120411,0.9751244286696116
1231,21.879202300538424,0.9743813127279282
1232,21.896975819872736,0.9735093116760254
1233,21.91474933920705,0.972890168428421
1234,21.93252285854136,0.972879578669866
1235,21.950296377875674,0.9717544615268707
1236,21.968069897209986,0.9673751592636108
1237,21.9858434165443,0.9651197840770086
1238,22.00361693587861,0.9631507843732834
1239,22.021390455212924,0.9624100824197134
1240,22.039163974547236,0.9608734399080276
1241,22.05693749388155,0.9599108596642812
1242,22.07471101321586,0.9574902902046839
1243,22.09248453255017,0.957025796175003
1244,22.110258051884482,0.954978401462237
1245,22.128031571218795,0.954007680217425
1246,22.145805090553107,0.953203558921814
1247,22.16357860988742,0.9524703423182169
1248,22.181352129221732,0.9530793180068334
1249,22.199125648556045,0.9544034798940023
1250,22.216899167890357,0.9557216713825861
1251,22.23467268722467,0.9552255074183146
1252,22.252446206558982,0.954598625500997
1253,22.270219725893295,0.9546602964401245
1254,22.287993245227607,0.9532888531684875
1255,22.30576676456192,0.9536351064840952
1256,22.323540283896232,0.9529227117697397
1257,22.341313803230545,0.9521244664986929
1258,22.359087322564857,0.9501905937989553
1259,22.37686084189917,0.950389971335729
1260,22.394634361233482,0.949452817440033
1261,22.41240788056779,0.9496254374583563
1262,22.430181399902104,0.9502176394065222
1263,22.447954919236416,0.9502913554509481
1264,22.46572843857073,0.9511209428310394
1265,22.48350195790504,0.9511527816454569
1266,22.501275477239354,0.9500178049008051
1267,22.519048996573666,0.9493058373530706
1268,22.53682251590798,0.950059786438942
1269,22.55459603524229,0.9493104269107183
1270,22.572369554576603,0.9497719953457514
1271,22.590143073910916,0.9488544762134552
1272,22.60791659324523,0.0
1273,22.62569011257954,0.0
1274,22.643463631913853,0.0
1275,22.661237151248166,0.0
1276,22.67901067058248,0.0
1277,22.69678418991679,0.0
1278,22.714557709251103,0.0
1279,22.732331228585416,0.0
1280,22.750104747919725,0.0
1281,22.767878267254037,0.0
1282,22.78565178658835,0.0
1283,22.803425305922662,0.0
1284,22.821198825256975,0.0
1285,22.838972344591287,0.0
1286,22.8567458639256,0.0
1287,22.874519383259912,0.0
1288,22.892292902594225,0.0
1289,22.910066421928537,0.0
1290,22.92783994126285,0.0
1291,22.945613460597162,0.0
1292,22.963386979931474,0.0
1293,22.981160499265787,0.0
1294,22.9989340186001,0.0
1295,23.016707537934412,0.0
1296,23.034481057268724,0.0
1297,23.052254576603037,0.0
1298,23.070028095937346,0.0
1299,23.08780161527166,0.0
1300,23.10557513460597,0.0
1301,23.123348653940283,0.0
1302,23.141122173274596,0.0
1303,23.15889569260891,0.0
1304,23.17666921194322,0.0
1305,23.194442731277533,0.0
1306,23.212216250611846,0.0
1307,23.229989769946158,0.0
1308,23.24776328928047,0.0
1309,23.265536808614783,0.0
1310,23.283310327949096,0.0
1311,23.301083847283408,0.0
1312,23.31885736661772,0.0
1313,23.336630885952033,0.0
1314,23.354404405286346,0.0
1315,23.372177924620658,0.0
1316,23.389951443954967,0.0
1317,23.40772496328928,0.0
1318,23.425498482623592,0.0
1319,23.443272001957904,0.0
1320,23.461045521292217,0.0
1321,23.47881904062653,0.0
1322,23.496592559960842,0.0
1323,23.514366079295154,0.0
1324,23.532139598629467,0.0
1325,23.54991311796378,0.0
1326,23.56768663729809,0.0
1327,23.585460156632404,0.0
1328,23.603233675966717,0.0
1329,23.62100719530103,0.0
1330,23.63878071463534,0.0
1331,23.656554233969654,0.0
1332,23.674327753303967,0.0
1333,23.69210127263828,0.0
1334,23.709874791972588,0.0
1335,23.7276483113069,0.0
1336,23.745421830641213,0.0
1337,23.763195349975526,0.0
1338,23.780968869309838,0.0
1339,23.79874238864415,0.0
1340,23.816515907978463,0.0
1341,23.834289427312775,0.0
1342,23.852062946647088,0.0
1343,23.8698364659814,0.0
1344,23.887609985315713,0.0
1345,23.905383504650025,0.0
1346,23.923157023984338,0.0
1347,23.94093054331865,0.0
1348,23.958704062652963,0.0
1349,23.976477581987275,0.0
1350,23.994251101321588,0.0
1351,24.0120246206559,0.0
1352,24.02979813999021,0.0
1353,24.04757165932452,0.0
1354,24.065345178658834,0.0
1355,24.083118697993147,0.0
1356,24.10089221732746,0.0
1357,24.11866573666177,0.0
1358,24.136439255996084,0.0
1359,24.154212775330397,0.0
1360,24.17198629466471,0.0
1361,24.18975981399902,0.0
